{"name":"PhoneNumberIntent","identifier":"46MOZWADBA","description":null,"parentIntentSignature":null,"sampleUtterances":[{"utterance":"{PhoneNumber}"}],"intentConfirmationSetting":null,"intentClosingSetting":null,"initialResponseSetting":{"conditional":null,"codeHook":null,"nextStep":{"sessionAttributes":null,"dialogAction":{"type":"EndConversation","suppressNextMessage":null,"slotToElicit":null},"intent":{"name":null,"slots":null}},"initialResponse":null},"inputContexts":null,"outputContexts":null,"kendraConfiguration":null,"qnAIntentConfiguration":null,"dialogCodeHook":null,"fulfillmentCodeHook":null,"slotPriorities":[{"priority":1,"slotName":"PhoneNumber"}]}