{"name":"PaymentShortcutType","identifier":"LNBLLOXHVB","description":null,"slotTypeValues":[{"synonyms":[{"value":"minimum due"},{"value":"my minimum payment"},{"value":"my minimum payment due"},{"value":"minimum payment due"},{"value":"minimum"}],"sampleValue":{"value":"MinimumDue"}},{"synonyms":[{"value":"my entire balance"},{"value":"Balance"},{"value":"full balance"},{"value":"remaining balance"},{"value":"remaining"}],"sampleValue":{"value":"EntireBalance"}},{"synonyms":[{"value":"my last payment"},{"value":"last payment"},{"value":"most recent payment"},{"value":"my last payment amount"},{"value":"last"},{"value":"recent"}],"sampleValue":{"value":"LastPayment"}},{"synonyms":[{"value":"other"},{"value":"other amount"},{"value":"another amount"}],"sampleValue":{"value":"Other"}}],"parentSlotTypeSignature":null,"valueSelectionSetting":{"resolutionStrategy":"TOP_RESOLUTION","advancedRecognitionSetting":{"audioRecognitionStrategy":"UseSlotValuesAsCustomVocabulary"},"regexFilter":null}}