{"name":"PaymentShortcut","identifier":"BLRCNJ3JAM","description":null,"slotTypeName":"PaymentShortcutType","obfuscationSetting":{"obfuscationSettingType":"DefaultObfuscation"},"valueElicitationSetting":{"slotCaptureSetting":{"codeHook":{"isActive":false,"enableCodeHookInvocation":true,"invocationLabel":null,"postCodeHookSpecification":{"successResponse":null,"successNextStep":{"sessionAttributes":null,"dialogAction":{"type":"ElicitSlot","slotToElicit":"PaymentAmount","suppressNextMessage":null},"intent":{"name":null,"slots":null}},"successConditional":null,"timeoutResponse":null,"timeoutNextStep":{"sessionAttributes":null,"dialogAction":{"type":"EndConversation","slotToElicit":null,"suppressNextMessage":null},"intent":{"name":null,"slots":null}},"timeoutConditional":null,"failureResponse":null,"failureNextStep":{"sessionAttributes":null,"dialogAction":{"type":"EndConversation","slotToElicit":null,"suppressNextMessage":null},"intent":{"name":null,"slots":null}},"failureConditional":null}},"captureResponse":null,"captureNextStep":{"sessionAttributes":null,"dialogAction":{"type":"EvaluateConditional","slotToElicit":null,"suppressNextMessage":null},"intent":{"name":null,"slots":null}},"captureConditional":{"isActive":true,"defaultBranch":{"response":{"messageGroupsList":[{"message":{"ssmlMessage":null,"customPayload":null,"plainTextMessage":{"value":"okay"},"imageResponseCard":null},"variations":null}],"allowInterrupt":true},"nextStep":{"sessionAttributes":null,"dialogAction":{"type":"ElicitSlot","slotToElicit":"PaymentAmount","suppressNextMessage":null},"intent":{"name":null,"slots":null}}},"conditionalBranches":[{"response":null,"condition":{"expressionString":"{PaymentShortcut} = \"LastPayment\" AND fn.IS_SET([LastPayment])"},"name":"LastPayment","nextStep":{"sessionAttributes":null,"dialogAction":{"type":"ConfirmIntent","slotToElicit":null,"suppressNextMessage":null},"intent":{"name":null,"slots":{"PaymentAmount":{"shape":null,"value":{"interpretedValue":"[LastPayment]"},"values":null}}}}},{"response":null,"condition":{"expressionString":"{PaymentShortcut} = \"MinimumDue\" AND fn.IS_SET([MinimumDue]) "},"name":"MinimumDue","nextStep":{"sessionAttributes":null,"dialogAction":{"type":"ConfirmIntent","slotToElicit":null,"suppressNextMessage":null},"intent":{"name":null,"slots":{"PaymentAmount":{"shape":null,"value":{"interpretedValue":"[MinimumDue]"},"values":null}}}}},{"response":null,"condition":{"expressionString":"{PaymentShortcut} = \"EntireBalance\" AND fn.IS_SET([Balance])"},"name":"EntireBalance","nextStep":{"sessionAttributes":null,"dialogAction":{"type":"ConfirmIntent","slotToElicit":null,"suppressNextMessage":null},"intent":{"name":null,"slots":{"PaymentAmount":{"shape":null,"value":{"interpretedValue":"[Balance]"},"values":null}}}}}]},"failureResponse":null,"failureNextStep":{"sessionAttributes":null,"dialogAction":{"type":"StartIntent","slotToElicit":null,"suppressNextMessage":null},"intent":{"name":"FallbackIntent","slots":null}},"failureConditional":null,"elicitationCodeHook":{"enableCodeHookInvocation":true,"invocationLabel":null}},"promptSpecification":{"messageGroupsList":[{"message":{"ssmlMessage":null,"customPayload":null,"plainTextMessage":{"value":"How much would you like to pay? You can say minimum payment due, entire balance, my last payment amout, or other."},"imageResponseCard":null},"variations":null}],"maxRetries":4,"allowInterrupt":true,"messageSelectionStrategy":"Random","promptAttemptsSpecification":{"Initial":{"allowedInputTypes":{"allowAudioInput":true,"allowDTMFInput":true},"audioAndDTMFInputSpecification":{"dtmfSpecification":{"maxLength":513,"deletionCharacter":"*","endCharacter":"#","endTimeoutMs":5000},"startTimeoutMs":4000,"audioSpecification":{"maxLengthMs":15000,"endTimeoutMs":640}},"allowInterrupt":true,"textInputSpecification":{"startTimeoutMs":30000}},"Retry1":{"allowedInputTypes":{"allowAudioInput":true,"allowDTMFInput":true},"audioAndDTMFInputSpecification":{"dtmfSpecification":{"maxLength":513,"deletionCharacter":"*","endCharacter":"#","endTimeoutMs":5000},"startTimeoutMs":4000,"audioSpecification":{"maxLengthMs":15000,"endTimeoutMs":640}},"allowInterrupt":true,"textInputSpecification":{"startTimeoutMs":30000}},"Retry2":{"allowedInputTypes":{"allowAudioInput":true,"allowDTMFInput":true},"audioAndDTMFInputSpecification":{"dtmfSpecification":{"maxLength":513,"deletionCharacter":"*","endCharacter":"#","endTimeoutMs":5000},"startTimeoutMs":4000,"audioSpecification":{"maxLengthMs":15000,"endTimeoutMs":640}},"allowInterrupt":true,"textInputSpecification":{"startTimeoutMs":30000}},"Retry4":{"allowedInputTypes":{"allowAudioInput":true,"allowDTMFInput":true},"audioAndDTMFInputSpecification":{"dtmfSpecification":{"maxLength":513,"deletionCharacter":"*","endCharacter":"#","endTimeoutMs":5000},"startTimeoutMs":4000,"audioSpecification":{"maxLengthMs":15000,"endTimeoutMs":640}},"allowInterrupt":true,"textInputSpecification":{"startTimeoutMs":30000}},"Retry3":{"allowedInputTypes":{"allowAudioInput":true,"allowDTMFInput":true},"audioAndDTMFInputSpecification":{"dtmfSpecification":{"maxLength":513,"deletionCharacter":"*","endCharacter":"#","endTimeoutMs":5000},"startTimeoutMs":4000,"audioSpecification":{"maxLengthMs":15000,"endTimeoutMs":640}},"allowInterrupt":true,"textInputSpecification":{"startTimeoutMs":30000}}}},"slotConstraint":"Required","defaultValueSpecification":null,"sampleUtterances":[{"utterance":"I want to pay using"}],"waitAndContinueSpecification":null},"multipleValuesSetting":null}