{"name":"FallbackIntent","identifier":"FALLBCKINT","description":"Default intent when no other intent matches","parentIntentSignature":"AMAZON.FallbackIntent","sampleUtterances":null,"intentConfirmationSetting":null,"intentClosingSetting":null,"initialResponseSetting":{"conditional":null,"codeHook":{"isActive":true,"enableCodeHookInvocation":true,"invocationLabel":null,"postCodeHookSpecification":{"successResponse":null,"successNextStep":{"sessionAttributes":null,"dialogAction":{"type":"EndConversation","suppressNextMessage":null,"slotToElicit":null},"intent":null},"successConditional":null,"timeoutResponse":null,"timeoutNextStep":{"sessionAttributes":null,"dialogAction":{"type":"EndConversation","suppressNextMessage":null,"slotToElicit":null},"intent":null},"timeoutConditional":null,"failureResponse":null,"failureNextStep":{"sessionAttributes":null,"dialogAction":{"type":"EndConversation","suppressNextMessage":null,"slotToElicit":null},"intent":null},"failureConditional":null}},"nextStep":{"sessionAttributes":null,"dialogAction":{"type":"InvokeDialogCodeHook","suppressNextMessage":null,"slotToElicit":null},"intent":null},"initialResponse":null},"inputContexts":null,"outputContexts":null,"kendraConfiguration":null,"qnAIntentConfiguration":null,"dialogCodeHook":null,"fulfillmentCodeHook":null,"slotPriorities":[]}